{
  "1": {
    "members": {
      "b": [
        40.007731524591065,
        -83.00196683401228
      ],
      "a": [
        40.00773386077226,
        -83.00196822153072
      ]
    }
  }
}