{
  "1": {
    "members": {
      "b": [
        40.00758982307157,
        -83.00216436474952
      ],
      "a": [
        40.00773386077226,
        -83.00196822153072
      ]
    }
  },
  "2": {
    "members": {
      "b": [
        40.00752539983928,
        -83.00214603788267
      ]
    }
  },
  "b": {
    "members": {
      "3": [
        40.00763748790839,
        -83.00228730395524
      ]
    }
  }
}